cuadro,t,mov,destello,estamina,vida,escudo,evento
0,0.000,0.98,0.18,1.000,0.296,0,
1,0.085,0.76,0.19,1.000,0.296,0,
2,0.119,1.08,0.19,1.000,0.296,0,
3,0.151,0.72,0.16,1.000,0.296,0,
4,0.181,0.58,0.16,1.000,0.296,0,
5,0.217,0.54,0.19,1.000,0.296,0,
6,0.251,1.51,0.20,1.000,0.296,0,
7,0.283,2.30,0.20,1.000,0.296,0,
8,0.333,2.86,0.23,1.000,0.296,0,
9,0.372,2.35,0.20,1.000,0.296,0,
10,0.401,2.51,0.89,1.000,0.296,0,
11,0.436,2.11,1.19,1.000,0.296,0,
12,0.467,0.47,1.78,1.000,0.296,0,
13,0.501,0.62,2.00,1.000,0.296,0,
14,0.535,0.64,2.14,1.000,0.296,0,
15,0.569,2.41,2.92,1.000,0.296,0,
16,0.602,2.88,3.11,1.000,0.296,0,
17,0.637,2.54,3.16,1.000,0.296,0,
18,0.670,2.29,3.40,1.000,0.296,0,
19,0.706,2.09,3.34,1.000,0.296,0,
20,0.756,2.14,2.09,1.000,0.296,0,
21,0.789,1.89,1.24,1.000,0.296,0,
22,0.822,1.08,0.42,1.000,0.296,0,
23,0.855,0.94,0.23,1.000,0.296,0,
24,0.907,1.11,0.20,1.000,0.296,0,
25,0.958,0.66,0.21,1.000,0.296,0,
26,0.989,0.99,0.21,1.000,0.296,0,
27,1.024,0.80,0.21,1.000,0.296,0,
28,1.073,1.22,0.20,1.000,0.296,0,
29,1.125,0.99,0.19,1.000,0.296,0,
30,1.155,0.54,0.19,1.000,0.296,0,
31,1.189,1.54,0.18,1.000,0.296,0,
32,1.240,2.72,0.18,1.000,0.296,0,
33,1.290,2.22,0.16,1.000,0.296,0,
34,1.324,2.70,0.14,1.000,0.296,0,
35,1.356,2.46,0.13,1.000,0.296,0,
36,1.404,2.26,0.13,1.000,0.296,0,
37,1.457,2.57,0.18,1.000,0.296,0,
38,1.491,1.68,0.55,1.000,0.296,0,
39,1.521,1.99,0.73,1.000,0.296,0,
40,1.556,2.00,1.23,1.000,0.296,0,
41,1.591,2.04,1.39,1.000,0.296,0,
42,1.638,2.57,1.41,1.000,0.296,0,
43,1.673,2.66,1.44,1.000,0.296,0,
44,1.706,2.24,1.44,1.000,0.296,0,
45,1.756,2.86,1.52,1.000,0.296,0,
46,1.822,3.40,1.91,1.000,0.296,1,reaccion
47,1.856,1.18,2.02,1.000,0.296,1,
48,1.888,1.89,1.60,1.000,0.296,1,
49,1.923,1.64,1.10,1.000,0.296,1,
50,1.970,1.62,0.18,1.000,0.296,1,
51,2.004,1.34,0.28,1.000,0.296,1,
52,2.036,0.71,0.33,1.000,0.296,1,
53,2.089,0.76,0.37,1.000,0.296,1,
54,2.136,0.67,0.36,1.000,0.296,1,
55,2.174,0.99,0.38,1.000,0.296,1,
56,2.207,0.76,0.37,1.000,0.296,1,
57,2.255,0.78,0.36,1.000,0.296,1,
58,2.292,0.56,0.34,1.000,0.296,1,
59,2.323,0.54,0.33,1.000,0.296,1,
60,2.356,0.72,0.32,1.000,0.296,1,
61,2.389,1.02,0.30,1.000,0.296,1,
62,2.425,1.34,0.27,1.000,0.296,1,
63,2.473,1.64,0.26,1.000,0.296,1,
64,2.507,1.86,0.26,1.000,0.296,0,
65,2.544,1.68,0.24,1.000,0.296,0,
66,2.571,1.27,0.24,1.000,0.296,0,
67,2.604,1.38,0.20,1.000,0.296,0,
68,2.724,1.62,0.18,1.000,0.296,0,ataque
69,2.747,2.66,0.11,1.000,0.296,0,
70,2.763,2.87,0.12,1.000,0.296,0,
71,2.780,3.00,0.13,1.000,0.296,0,
72,2.816,2.17,0.12,1.000,0.296,0,
73,2.848,1.98,0.12,1.000,0.296,0,
74,2.880,2.28,0.13,1.000,0.296,0,
75,2.898,2.07,0.15,1.000,0.296,0,
76,2.931,1.58,0.16,1.000,0.296,0,
77,2.964,1.51,0.18,1.000,0.296,0,
78,2.996,1.23,0.17,1.000,0.296,0,
79,3.028,1.18,0.15,0.550,0.296,0,
80,3.062,0.93,0.34,0.550,0.296,0,
81,3.080,0.82,0.37,0.550,0.296,0,
82,3.097,0.79,0.19,0.550,0.296,0,
83,3.129,1.19,0.04,0.550,0.296,0,
84,3.144,1.05,0.03,0.550,0.296,0,
85,3.185,1.02,0.03,0.550,0.296,0,
86,3.215,0.84,0.03,0.559,0.296,0,
87,3.248,0.99,0.03,0.559,0.296,0,
88,3.282,0.78,0.03,0.559,0.296,0,
89,3.312,0.53,0.03,0.559,0.296,0,
90,3.331,0.37,0.03,0.559,0.296,0,
91,3.364,0.50,0.04,0.559,0.296,0,
92,3.406,0.43,0.05,0.559,0.296,0,
93,3.438,0.46,0.10,0.559,0.296,0,
94,3.474,11.90,0.35,0.559,0.296,1,reaccion
95,3.500,12.08,0.55,0.559,0.296,1,
96,3.528,7.08,0.72,0.559,0.296,1,
97,3.562,10.44,1.05,0.559,0.296,1,
98,3.598,14.30,1.24,0.559,0.296,1,
99,3.630,10.31,1.34,0.559,0.296,1,
100,3.645,7.48,1.24,0.559,0.296,1,
101,3.660,4.81,1.23,0.559,0.296,1,
102,3.678,11.28,1.15,0.559,0.296,1,
103,3.695,7.91,0.72,0.559,0.296,1,
104,3.713,11.04,0.96,0.559,0.296,1,
105,3.747,8.46,1.06,0.559,0.296,1,
106,3.778,6.86,1.21,0.559,0.296,1,
107,3.812,8.31,1.57,0.559,0.296,1,
108,3.830,7.86,1.69,0.559,0.296,1,
109,3.847,5.14,1.75,0.559,0.296,1,
110,3.862,6.29,1.75,0.559,0.296,1,
111,3.878,6.96,5.12,0.559,0.296,1,bloqueo
112,3.895,4.49,5.10,0.559,0.296,1,
113,3.929,3.83,5.35,0.559,0.296,1,
114,3.964,5.38,5.78,0.559,0.296,1,
115,3.999,2.61,5.45,0.559,0.296,1,
116,4.029,2.46,5.07,0.559,0.296,1,
117,4.046,2.41,4.81,0.559,0.296,1,
118,4.061,3.00,4.64,0.559,0.296,1,
119,4.081,2.66,4.48,0.559,0.296,1,
120,4.112,3.44,4.26,0.559,0.296,1,
121,4.196,3.63,4.19,0.559,0.296,0,contra
122,4.215,2.07,3.52,0.559,0.296,0,
123,4.229,2.36,3.22,0.559,0.296,0,
124,4.261,2.92,2.90,0.559,0.296,0,
125,4.295,2.06,2.49,0.559,0.296,0,
126,4.331,1.94,0.63,0.559,0.296,0,
127,4.363,1.80,0.60,0.559,0.296,0,
128,4.378,1.26,0.62,0.559,0.296,0,
129,4.395,1.44,0.62,0.559,0.296,0,
130,4.415,1.26,0.60,0.559,0.296,0,
131,4.450,1.48,0.51,0.559,0.296,0,
132,4.483,1.86,0.48,0.559,0.296,0,
133,4.516,2.10,0.51,0.486,0.296,0,
134,4.551,2.30,0.51,0.486,0.296,0,
135,4.588,3.05,1.03,0.486,0.296,1,reaccion
136,4.618,3.29,1.15,0.486,0.296,1,
137,4.656,3.75,1.00,0.486,0.296,1,
138,4.688,4.39,1.03,0.486,0.296,1,
139,4.731,5.31,0.86,0.486,0.296,1,
140,4.770,6.19,0.63,0.486,0.296,1,
141,4.803,6.92,0.38,0.486,0.296,1,
142,4.845,6.66,0.37,0.486,0.296,1,
143,4.893,5.22,0.32,0.486,0.296,1,
144,4.926,5.10,0.38,0.486,0.296,1,
145,4.959,4.30,0.44,0.486,0.296,1,
146,4.992,3.17,0.47,0.486,0.296,1,
147,5.036,13.68,0.85,0.486,0.296,1,
148,5.069,12.61,0.58,0.486,0.296,1,
149,5.105,10.03,0.89,0.486,0.296,1,
150,5.142,11.59,0.78,0.486,0.296,1,
151,5.173,10.17,0.74,0.486,0.296,1,
152,5.220,5.93,0.76,0.486,0.296,1,
153,5.271,5.00,0.88,0.486,0.296,1,
154,5.304,4.55,1.10,0.486,0.296,1,
155,5.336,5.28,1.21,0.486,0.296,1,
156,5.369,8.32,1.54,0.486,0.296,1,
157,5.404,5.62,1.73,0.495,0.296,1,
158,5.457,5.36,1.44,0.495,0.296,1,
159,5.487,3.16,1.11,0.495,0.296,1,
160,5.520,3.53,1.05,0.495,0.296,1,
161,5.555,2.03,1.07,0.495,0.296,1,
162,5.605,2.50,1.02,0.505,0.296,1,
163,5.639,1.03,1.01,0.505,0.296,1,
164,5.671,1.13,0.97,0.505,0.296,1,
165,5.706,0.86,0.95,0.505,0.296,1,
166,5.756,0.66,0.93,0.514,0.296,1,
167,5.804,0.31,0.90,0.514,0.296,1,
168,5.838,0.58,0.89,0.514,0.296,1,
169,5.868,0.56,0.89,0.514,0.296,1,
170,5.906,1.04,0.87,0.514,0.296,1,
171,5.954,1.65,0.82,0.532,0.296,1,
172,5.984,1.72,0.83,0.532,0.296,1,
173,6.019,1.70,0.80,0.532,0.296,1,
174,6.128,1.98,0.80,0.541,0.296,0,ataque
175,6.153,2.15,0.71,0.541,0.296,0,
176,6.187,2.33,0.61,0.541,0.296,0,
177,6.220,0.97,0.52,0.541,0.296,0,
178,6.274,1.00,0.52,0.550,0.296,0,
179,6.309,0.45,0.53,0.550,0.296,0,
180,6.344,0.75,0.54,0.550,0.296,0,
181,6.371,1.06,0.54,0.550,0.296,0,
182,6.404,1.41,0.54,0.550,0.296,0,
183,6.438,1.66,0.54,0.477,0.296,0,
184,6.484,1.63,0.56,0.477,0.296,0,
185,6.518,1.59,2.92,0.477,0.296,0,
186,6.575,3.13,4.63,0.477,0.296,1,reaccion
187,6.619,8.07,3.40,0.477,0.296,1,
188,6.652,9.34,2.99,0.477,0.296,1,
189,6.687,5.71,3.35,0.477,0.296,1,
190,6.720,5.31,3.55,0.477,0.296,1,
191,6.754,4.31,3.69,0.477,0.296,1,
192,6.802,3.62,3.66,0.477,0.296,1,
193,6.838,2.84,2.59,0.477,0.296,1,
194,6.875,1.66,2.05,0.477,0.296,1,
195,6.904,1.84,0.43,0.477,0.296,1,
196,6.955,2.89,0.09,0.477,0.296,1,
197,7.005,4.59,0.53,0.477,0.296,1,
198,7.037,9.25,0.44,0.477,0.296,1,
199,7.068,13.57,0.91,0.477,0.296,1,
200,7.103,6.92,1.86,0.477,0.296,1,
201,7.137,10.11,2.42,0.477,0.296,1,
202,7.187,10.34,4.39,0.477,0.296,1,bloqueo
203,7.219,8.00,5.25,0.477,0.296,1,
204,7.253,10.21,5.01,0.477,0.296,1,
205,7.286,11.18,4.38,0.477,0.296,1,
206,7.335,9.74,3.89,0.477,0.296,1,
207,7.367,7.51,3.85,0.477,0.296,1,
208,7.404,9.30,3.79,0.477,0.296,1,
209,7.435,3.99,3.75,0.477,0.296,1,
210,7.544,7.67,3.75,0.477,0.296,0,contra
211,7.570,5.74,4.76,0.477,0.296,0,
212,7.602,5.56,4.92,0.477,0.296,0,
213,7.637,3.30,4.91,0.477,0.296,0,
214,7.687,3.23,4.62,0.396,0.296,0,
215,7.716,1.40,4.63,0.396,0.296,0,
216,7.750,2.80,4.86,0.396,0.296,0,
217,7.785,4.00,5.03,0.396,0.296,0,
218,7.836,6.05,4.98,0.396,0.296,0,
219,7.883,4.05,4.67,0.396,0.296,0,
220,7.924,5.75,4.85,0.396,0.296,1,reaccion
221,7.953,5.04,4.87,0.396,0.296,1,
222,8.003,5.20,4.72,0.396,0.296,1,
223,8.055,4.51,5.39,0.396,0.296,1,
224,8.086,2.51,4.79,0.396,0.296,1,
225,8.121,12.26,4.87,0.396,0.296,1,
226,8.168,15.37,4.44,0.396,0.296,1,
227,8.205,8.20,4.46,0.396,0.296,1,
228,8.237,13.07,4.10,0.396,0.296,1,
229,8.269,14.98,4.12,0.396,0.296,1,
230,8.305,9.79,3.72,0.396,0.296,1,
231,8.353,6.78,3.66,0.396,0.296,1,
232,8.403,5.40,3.63,0.396,0.296,1,
233,8.439,8.42,3.25,0.396,0.296,1,
234,8.473,6.84,2.95,0.396,0.296,1,
235,8.520,8.91,2.90,0.396,0.296,1,
236,8.567,6.27,2.55,0.396,0.296,1,
237,8.603,5.21,2.31,0.396,0.296,1,
238,8.638,5.18,1.99,0.396,0.296,1,
239,8.686,4.10,1.56,0.405,0.296,1,
240,8.735,1.56,1.45,0.405,0.296,1,
241,8.768,2.18,1.34,0.405,0.296,1,
242,8.800,1.35,1.34,0.405,0.296,1,
243,8.836,1.35,1.20,0.405,0.296,1,
244,8.882,1.54,1.06,0.423,0.296,1,
245,8.915,1.54,1.06,0.423,0.296,1,
246,8.932,0.00,1.06,0.423,0.296,1,
247,8.965,0.00,1.06,0.423,0.296,1,
248,9.001,0.00,1.06,0.423,0.296,1,
249,9.031,0.00,1.06,0.423,0.296,1,
250,9.069,0.00,1.06,0.423,0.296,1,
251,9.096,0.00,1.06,0.423,0.296,1,
252,9.113,0.00,1.06,0.423,0.296,1,
253,9.130,0.00,1.06,0.423,0.296,1,
254,9.165,0.00,1.06,0.423,0.296,1,
255,9.275,0.00,1.06,0.423,0.296,0,ataque
256,9.298,0.00,1.06,0.423,0.296,0,
257,9.332,0.00,1.06,0.423,0.296,0,
258,9.363,0.00,1.06,0.423,0.296,0,
259,9.399,0.00,1.06,0.423,0.296,0,
260,9.448,0.00,1.06,0.423,0.296,0,
261,9.480,0.00,1.06,0.423,0.296,0,
262,9.514,0.00,1.06,0.423,0.296,0,
263,9.547,0.00,1.06,0.423,0.296,0,
264,9.579,0.00,1.06,0.423,0.296,0,
265,9.613,0.00,1.06,0.423,0.296,0,
266,9.646,0.00,1.06,0.423,0.296,0,
267,9.666,0.00,1.06,0.423,0.296,0,
268,9.699,0.00,1.06,0.423,0.296,0,
269,9.731,0.00,1.06,0.423,0.296,0,
270,9.765,0.00,1.06,0.423,0.296,0,
271,9.797,0.00,1.06,0.423,0.296,0,
272,9.833,0.00,1.06,0.423,0.296,0,
273,9.864,0.00,1.06,0.423,0.296,0,
274,9.897,0.00,1.06,0.423,0.296,0,
275,9.913,0.00,1.06,0.423,0.296,0,
276,9.947,0.00,1.06,0.423,0.296,0,
277,9.980,0.00,1.06,0.423,0.296,0,
278,10.015,0.00,1.06,0.423,0.296,0,
279,10.046,0.00,1.06,0.423,0.296,0,
280,10.063,0.00,1.06,0.423,0.296,0,
281,10.080,0.00,1.06,0.423,0.296,0,
282,10.096,0.00,1.06,0.423,0.296,0,
283,10.129,0.00,1.06,0.423,0.296,0,
284,10.162,0.00,1.06,0.423,0.296,0,
285,10.195,0.00,1.06,0.423,0.296,0,
286,10.214,0.00,1.06,0.423,0.296,0,
287,10.229,0.00,1.06,0.423,0.296,0,
288,10.245,0.00,1.06,0.423,0.296,0,
289,10.262,0.00,1.06,0.423,0.296,0,
290,10.297,0.00,1.06,0.423,0.296,0,
291,10.332,0.00,1.06,0.423,0.296,0,
292,10.363,0.00,1.06,0.423,0.296,0,
293,10.397,0.00,1.06,0.423,0.296,0,
294,10.490,0.00,1.06,0.423,0.296,0,ataque
295,10.536,0.00,1.06,0.423,0.296,0,
296,10.565,0.00,1.06,0.423,0.296,0,
297,10.601,0.00,1.06,0.423,0.296,0,
298,10.632,0.00,1.06,0.423,0.296,0,
299,10.665,0.00,1.06,0.423,0.296,0,
300,10.698,0.00,1.06,0.423,0.296,0,
301,10.734,0.00,1.06,0.423,0.296,0,
302,10.763,0.00,1.06,0.423,0.296,0,
303,10.780,0.00,1.06,0.423,0.296,0,
304,10.813,0.00,1.06,0.423,0.296,0,
305,10.831,0.00,1.06,0.423,0.296,0,
306,10.864,0.00,1.06,0.423,0.296,0,
307,10.897,0.00,1.06,0.423,0.296,0,
308,10.933,0.00,1.06,0.423,0.296,0,
309,10.964,0.00,1.06,0.423,0.296,0,
310,10.996,0.00,1.06,0.423,0.296,0,
311,11.014,0.00,1.06,0.423,0.296,0,
312,11.048,0.00,1.06,0.423,0.296,0,
313,11.081,0.00,1.06,0.423,0.296,0,
314,11.118,0.67,0.98,0.423,0.296,0,
315,11.153,1.02,0.96,0.423,0.296,0,
316,11.188,5.10,4.85,0.423,0.296,1,reaccion
317,11.218,5.11,4.85,0.423,0.296,1,
318,11.249,0.00,4.85,0.423,0.296,1,
319,11.282,0.00,4.85,0.423,0.296,1,
320,11.316,0.00,4.85,0.441,0.296,1,
321,11.350,0.00,4.85,0.441,0.296,1,
322,11.380,0.00,4.85,0.441,0.296,1,
323,11.399,0.00,4.85,0.441,0.296,1,
324,11.434,0.00,4.85,0.441,0.296,1,
325,11.483,0.00,4.85,0.441,0.296,1,
326,11.515,0.00,4.85,0.441,0.296,1,
327,11.547,0.00,4.85,0.441,0.296,1,
328,11.584,0.00,4.85,0.441,0.296,1,
329,11.615,0.00,4.85,0.441,0.296,1,
330,11.667,0.00,4.85,0.441,0.296,1,
331,11.698,0.00,4.85,0.441,0.296,1,
332,11.790,0.00,4.85,0.441,0.296,0,ataque
333,11.834,0.00,4.85,0.441,0.296,0,
334,11.867,14.24,5.19,0.441,0.296,0,
335,11.898,10.82,4.66,0.441,0.296,0,
336,11.935,15.94,2.52,0.441,0.296,0,
337,11.967,13.35,2.39,0.441,0.296,0,
338,12.002,3.13,2.27,0.441,0.296,0,
339,12.033,2.92,2.22,0.468,0.296,0,
340,12.072,2.53,2.08,0.468,0.296,0,
341,12.103,2.71,1.91,0.468,0.296,0,
342,13.495,3.01,1.70,0.468,0.296,1,reaccion
343,13.539,1.02,1.61,0.486,0.296,1,
344,13.572,3.88,1.11,0.486,0.296,1,
345,13.603,4.37,0.87,0.486,0.296,1,
346,13.636,3.94,0.74,0.486,0.296,1,
347,13.669,3.68,0.80,0.486,0.296,1,
348,13.721,3.58,1.02,0.514,0.296,1,
349,13.753,1.95,1.07,0.514,0.296,1,
350,13.786,2.90,1.13,0.514,0.296,1,
351,13.819,3.23,1.61,0.514,0.296,1,
352,13.853,3.51,2.22,0.514,0.296,1,
353,13.902,3.42,2.47,0.523,0.296,1,
354,13.934,2.72,2.52,0.523,0.296,1,
355,13.967,2.56,2.52,0.523,0.296,1,
356,14.000,3.24,2.45,0.523,0.296,1,
357,14.034,3.12,2.43,0.523,0.296,1,
358,14.068,2.46,2.50,0.523,0.296,1,
359,14.101,2.10,2.54,0.541,0.296,1,
360,14.137,2.21,2.76,0.541,0.296,1,
361,14.169,1.94,2.85,0.541,0.296,1,
362,14.201,1.52,2.23,0.541,0.296,1,
363,14.235,1.41,1.74,0.541,0.296,1,
364,14.270,1.31,0.85,0.541,0.296,1,
365,14.304,0.95,0.76,0.550,0.296,1,
366,14.334,0.62,0.73,0.550,0.296,1,
367,14.374,0.56,0.73,0.550,0.296,1,
368,14.420,0.81,0.72,0.550,0.296,1,
369,14.466,0.97,0.71,0.559,0.296,1,
370,14.502,0.71,0.71,0.559,0.296,1,
371,14.608,0.57,0.70,0.559,0.296,0,ataque
372,14.651,0.74,0.71,0.559,0.296,0,
373,14.683,1.08,0.76,0.559,0.296,0,
374,14.717,1.03,0.83,0.559,0.296,0,
375,14.752,1.54,0.90,0.559,0.296,0,
376,14.784,1.77,0.91,0.559,0.296,0,
377,14.819,1.69,0.96,0.486,0.296,0,
378,14.859,1.47,0.90,0.486,0.296,0,
379,14.887,1.51,0.50,0.486,0.296,0,
380,14.922,1.38,0.40,0.486,0.296,0,
381,14.971,1.19,0.39,0.486,0.296,0,
382,15.006,0.90,0.39,0.486,0.296,0,
383,15.039,0.61,0.39,0.486,0.296,0,
384,15.072,0.47,0.40,0.486,0.296,0,
385,15.102,0.39,0.40,0.486,0.296,0,
386,15.145,0.54,0.40,0.486,0.296,0,
387,15.186,1.47,0.66,0.486,0.296,0,
388,15.224,5.65,0.91,0.486,0.296,1,reaccion
389,15.256,10.41,0.63,0.486,0.296,1,
390,15.290,11.02,3.96,0.486,0.296,1,bloqueo
391,15.339,4.88,4.32,0.486,0.296,1,
392,15.389,12.76,6.25,0.486,0.296,1,
393,15.423,12.26,6.21,0.486,0.296,1,
394,15.456,7.73,6.64,0.486,0.296,1,
395,15.507,9.71,6.83,0.486,0.296,1,
396,15.558,10.79,7.26,0.486,0.296,1,
397,15.608,9.51,7.04,0.486,0.296,1,
398,15.637,10.45,6.92,0.486,0.296,1,
399,15.684,2.98,6.92,0.486,0.296,1,
400,15.718,0.00,6.92,0.486,0.296,1,
401,15.824,0.00,6.92,0.486,0.296,0,contra
402,15.868,0.00,6.92,0.486,0.296,0,
403,15.901,0.00,6.92,0.486,0.296,0,
404,15.935,0.00,6.92,0.486,0.296,0,
405,15.970,0.00,6.92,0.486,0.296,0,
406,16.019,0.00,6.92,0.486,0.296,0,
407,16.050,0.00,6.92,0.486,0.296,0,
408,16.086,0.00,6.92,0.486,0.296,0,
409,16.121,0.00,6.92,0.486,0.296,0,
410,16.169,0.00,6.92,0.486,0.296,0,
411,16.218,0.00,6.92,0.486,0.296,0,
412,16.250,0.00,6.92,0.486,0.296,0,
413,16.284,0.00,6.92,0.486,0.296,0,
414,16.319,0.00,6.92,0.486,0.296,0,
415,16.352,0.00,6.92,0.486,0.296,0,
416,16.384,0.00,6.92,0.486,0.296,0,
417,16.419,0.00,6.92,0.486,0.296,0,
418,16.463,0.00,6.92,0.486,0.296,0,
419,16.529,7.30,5.19,0.486,0.296,1,reaccion
420,16.574,6.39,0.58,0.486,0.296,1,
421,16.609,7.13,1.69,0.486,0.296,1,
422,16.639,3.12,2.38,0.486,0.296,1,
423,16.690,3.02,2.52,0.495,0.296,1,
424,16.741,2.29,1.48,0.495,0.296,1,
425,16.774,1.64,0.98,0.495,0.296,1,
426,16.809,2.24,0.73,0.495,0.296,1,
427,16.859,2.18,0.66,0.514,0.296,1,
428,16.906,1.88,0.65,0.514,0.296,1,
429,16.941,2.62,0.68,0.514,0.296,1,
430,16.974,2.22,0.80,0.514,0.296,1,
431,17.007,2.04,0.97,0.514,0.296,1,
432,17.058,1.89,1.01,0.523,0.296,1,
433,17.091,1.10,0.79,0.523,0.296,1,
434,17.119,1.60,0.41,0.523,0.296,1,
435,17.155,1.25,0.33,0.523,0.296,1,
436,17.186,1.02,0.31,0.523,0.296,1,
437,17.313,1.27,0.28,0.541,0.296,0,ataque
438,17.354,1.04,0.24,0.541,0.296,0,
439,17.385,1.29,0.19,0.541,0.296,0,
440,17.416,0.67,0.17,0.541,0.296,0,
441,17.448,0.65,0.18,0.550,0.296,0,
442,17.482,0.77,0.17,0.550,0.296,0,
443,17.517,0.76,0.20,0.550,0.296,0,
444,17.551,0.95,0.22,0.550,0.296,0,
445,17.581,1.19,0.20,0.550,0.296,0,
446,17.615,1.34,0.22,0.550,0.296,0,
447,17.649,1.87,0.25,0.477,0.296,0,
448,17.681,1.93,0.25,0.477,0.296,0,
449,17.715,1.94,0.27,0.477,0.296,0,
450,17.749,2.02,0.28,0.477,0.296,0,
451,17.780,1.81,0.36,0.477,0.296,0,
452,17.815,1.48,0.45,0.477,0.296,0,
453,17.850,1.69,0.10,0.477,0.296,0,
454,17.881,1.50,0.05,0.477,0.296,0,
455,17.916,1.08,0.04,0.477,0.296,0,
456,17.949,1.04,0.04,0.477,0.296,0,
457,17.982,0.87,0.04,0.477,0.296,0,
458,18.014,0.70,0.04,0.477,0.296,0,
459,18.050,0.80,0.04,0.477,0.296,0,
460,18.082,0.97,0.04,0.477,0.296,0,
461,18.115,1.31,0.03,0.477,0.296,0,
462,18.151,1.98,0.13,0.477,0.296,0,
463,18.207,11.88,0.41,0.477,0.296,1,reaccion
464,18.251,8.00,2.92,0.477,0.296,1,
465,18.282,16.90,4.01,0.477,0.296,1,bloqueo
466,18.315,11.29,4.31,0.477,0.296,1,
467,18.353,14.95,4.39,0.477,0.296,1,
468,18.388,10.10,4.80,0.477,0.296,1,
469,18.434,4.28,5.23,0.477,0.296,1,
470,18.464,7.43,5.40,0.477,0.296,1,
471,18.499,10.53,5.55,0.477,0.296,1,
472,18.586,9.00,5.63,0.477,0.296,0,contra
473,18.616,5.65,4.09,0.477,0.296,0,
474,18.652,4.19,2.19,0.477,0.296,0,
475,18.682,4.85,0.74,0.477,0.296,0,
476,18.714,5.56,0.51,0.477,0.296,0,
477,18.750,4.48,0.48,0.396,0.296,0,
478,18.785,2.72,0.39,0.396,0.296,0,
479,18.815,2.77,0.43,0.396,0.296,0,
480,18.851,3.00,0.43,0.396,0.296,0,
481,18.883,5.85,1.84,0.396,0.296,0,
482,18.914,6.82,2.80,0.396,0.296,0,
483,18.951,5.37,3.14,0.396,0.296,1,reaccion
484,18.983,4.89,2.67,0.396,0.296,1,
485,19.019,4.48,1.84,0.396,0.296,1,
486,19.051,4.94,1.07,0.396,0.296,1,
487,19.085,4.30,0.94,0.396,0.296,1,
488,19.115,3.55,0.91,0.396,0.296,1,
489,19.150,3.89,0.88,0.396,0.296,1,
490,19.183,8.09,1.04,0.396,0.296,1,
491,19.214,10.66,1.22,0.396,0.296,1,
492,19.254,11.02,1.05,0.396,0.296,1,
493,19.282,5.21,1.78,0.396,0.296,1,
494,19.312,3.87,1.69,0.396,0.296,1,
495,19.349,8.06,2.12,0.396,0.296,1,
496,19.383,10.70,1.41,0.396,0.296,1,
497,19.413,9.73,1.04,0.396,0.296,1,
498,19.431,7.60,1.03,0.396,0.296,1,
499,19.464,9.03,1.15,0.396,0.296,1,
500,19.493,5.72,1.15,0.396,0.296,1,
501,19.532,0.00,1.15,0.396,0.296,1,
502,19.575,4.01,1.23,0.396,0.296,1,
503,19.607,5.46,1.25,0.396,0.296,1,
504,19.640,4.68,1.23,0.396,0.296,1,
505,19.692,6.32,1.23,0.405,0.296,1,
506,19.736,3.00,1.29,0.405,0.296,1,
507,19.768,2.99,1.29,0.405,0.296,1,
508,19.800,1.36,1.29,0.405,0.296,1,
509,19.833,1.47,1.28,0.405,0.296,1,
510,19.867,0.88,1.25,0.405,0.296,1,
511,19.899,0.84,1.12,0.414,0.296,1,
512,19.935,1.23,1.12,0.414,0.296,1,
513,19.967,1.39,1.06,0.414,0.296,1,
514,19.998,1.62,1.04,0.414,0.296,1,
515,20.032,1.70,1.01,0.414,0.296,1,
516,20.067,1.36,0.96,0.414,0.296,1,
517,20.099,1.42,0.93,0.432,0.296,1,
518,20.132,1.30,0.93,0.432,0.296,1,
519,20.170,1.09,0.95,0.432,0.296,1,
520,20.257,1.30,0.89,0.441,0.296,0,ataque
521,20.285,1.39,0.87,0.441,0.296,0,
522,20.316,1.72,0.84,0.441,0.296,0,
523,20.348,1.14,0.86,0.441,0.296,0,
524,20.387,0.89,0.93,0.441,0.296,0,
525,20.433,1.12,0.83,0.324,0.296,0,
526,20.463,1.06,0.89,0.324,0.296,0,
527,20.501,0.96,0.88,0.324,0.296,0,
528,20.535,1.35,0.47,0.324,0.296,0,
529,20.565,1.26,0.43,0.324,0.296,0,
530,20.600,1.01,0.42,0.324,0.296,0,
531,20.635,1.52,0.42,0.324,0.296,0,
532,20.666,1.72,0.42,0.324,0.296,0,
533,20.700,2.28,0.43,0.324,0.296,0,
534,20.733,1.97,0.46,0.324,0.296,0,
535,20.767,2.08,0.42,0.324,0.296,0,
536,20.797,2.05,2.04,0.324,0.296,0,
537,20.834,3.82,5.11,0.324,0.296,1,reaccion
538,20.869,10.88,5.60,0.324,0.296,1,
539,20.899,11.07,5.70,0.324,0.296,1,
540,20.930,9.24,6.05,0.324,0.296,1,
541,21.149,12.12,5.43,0.324,0.296,1,
542,21.185,10.45,3.85,0.324,0.296,1,
543,21.215,7.88,2.86,0.324,0.296,1,
544,21.252,9.01,1.97,0.324,0.296,1,
545,21.304,8.09,1.44,0.324,0.296,1,
546,21.353,5.18,1.20,0.324,0.296,1,
547,21.384,6.12,1.13,0.324,0.296,1,
548,21.416,2.00,1.01,0.324,0.296,1,
549,21.455,4.30,0.81,0.324,0.296,1,
550,21.500,3.21,0.82,0.324,0.296,1,
551,21.532,2.48,0.59,0.324,0.296,1,
552,21.571,2.70,0.40,0.324,0.296,1,
553,21.600,3.25,0.35,0.324,0.296,1,
554,21.633,3.41,0.38,0.324,0.296,1,
555,21.670,3.13,0.46,0.315,0.296,1,
556,21.718,3.79,0.48,0.315,0.296,1,
557,21.752,3.63,0.54,0.315,0.296,1,
558,21.782,2.85,0.50,0.315,0.296,1,
559,21.819,2.65,0.55,0.315,0.296,1,
560,21.849,2.74,0.56,0.315,0.296,1,
561,21.881,2.72,0.88,0.387,0.296,1,
562,21.919,2.52,1.29,0.387,0.296,1,
563,21.955,2.59,1.61,0.387,0.296,1,
564,21.985,2.24,1.62,0.387,0.296,1,
565,22.033,2.59,1.59,0.387,0.296,1,
566,22.068,2.89,1.52,0.405,0.296,1,
567,22.102,2.83,1.49,0.405,0.296,1,
568,22.130,3.05,1.56,0.405,0.296,1,
569,22.146,1.65,1.56,0.405,0.296,1,
570,22.162,1.65,1.56,0.405,0.296,1,
571,22.179,0.00,1.56,0.405,0.296,1,
572,22.211,0.00,1.56,0.405,0.296,1,
573,22.244,0.00,1.56,0.405,0.296,1,
574,22.280,0.00,1.56,0.405,0.296,1,
575,22.295,0.00,1.56,0.405,0.296,1,
576,22.312,0.00,1.56,0.405,0.296,1,
577,22.328,0.00,1.56,0.405,0.296,1,
578,22.345,0.00,1.56,0.405,0.296,1,
579,22.361,0.00,1.56,0.405,0.296,1,
580,22.395,0.00,1.56,0.405,0.296,1,
581,22.428,0.00,1.56,0.405,0.296,1,
582,22.461,0.00,1.56,0.405,0.296,1,
583,22.479,0.00,1.56,0.405,0.296,1,
584,22.494,0.00,1.56,0.405,0.296,1,
585,22.511,0.00,1.56,0.405,0.296,1,
586,22.529,0.00,1.56,0.405,0.296,1,
587,22.545,0.00,1.56,0.405,0.296,1,
588,22.581,0.00,1.56,0.405,0.296,1,
589,22.612,0.00,1.56,0.405,0.296,1,
590,22.706,0.00,1.56,0.405,0.296,0,ataque
591,22.736,0.86,1.58,0.405,0.296,0,
592,22.788,3.58,0.18,0.414,0.296,0,
593,22.819,0.94,0.14,0.414,0.296,0,
594,22.851,1.24,0.12,0.414,0.296,0,
595,22.879,0.78,0.10,0.414,0.296,0,
596,22.905,0.64,0.10,0.414,0.296,0,
597,22.932,0.43,0.10,0.414,0.296,0,
598,22.966,0.69,0.12,0.441,0.296,0,
599,22.997,0.84,0.13,0.441,0.296,0,
600,23.017,0.62,0.13,0.441,0.296,0,
601,23.049,0.38,0.12,0.441,0.296,0,
602,23.080,0.42,0.12,0.441,0.296,0,
603,23.120,0.44,0.12,0.459,0.296,0,
604,23.171,0.92,0.13,0.459,0.296,0,
605,23.201,0.54,0.12,0.459,0.296,0,
606,23.232,1.12,0.12,0.459,0.296,0,
607,23.270,1.59,0.14,0.459,0.296,0,
608,23.297,1.77,0.14,0.459,0.296,0,
609,23.330,1.64,0.14,0.477,0.296,0,
610,23.367,1.43,0.12,0.477,0.296,0,
611,23.399,1.37,0.12,0.477,0.296,0,
612,23.430,1.38,0.12,0.477,0.296,0,
613,23.450,1.12,0.11,0.477,0.296,0,
614,23.485,1.28,0.11,0.477,0.296,0,
615,23.516,1.98,0.11,0.486,0.296,0,
616,23.548,2.13,0.10,0.486,0.296,0,
617,23.581,1.97,0.10,0.486,0.296,0,
618,23.617,2.08,0.10,0.486,0.296,0,
619,23.652,2.06,0.09,0.486,0.296,0,
620,23.680,1.91,0.09,0.486,0.296,0,
621,23.717,2.28,0.09,0.505,0.296,0,
622,23.749,1.95,0.09,0.505,0.296,0,
623,23.784,1.52,0.09,0.505,0.296,0,
624,23.815,1.26,0.09,0.505,0.296,0,
625,23.924,1.10,0.09,0.523,0.296,0,ataque
626,23.948,1.48,0.09,0.523,0.296,0,
627,23.987,1.73,0.10,0.523,0.296,0,
628,24.016,0.94,0.11,0.523,0.296,0,
629,24.046,0.88,0.12,0.523,0.296,0,
630,24.083,0.71,0.11,0.450,0.296,0,
631,24.122,0.79,0.11,0.450,0.296,0,
632,24.150,0.78,0.22,0.450,0.296,0,
633,24.182,0.57,0.36,0.450,0.296,0,
634,24.217,0.59,0.12,0.450,0.296,0,
635,24.249,0.58,0.03,0.450,0.296,0,
636,24.283,0.56,0.03,0.450,0.296,0,
637,24.318,0.47,0.03,0.450,0.296,0,
638,24.355,0.47,0.03,0.450,0.296,0,
639,24.385,0.49,0.03,0.450,0.296,0,
640,24.418,0.47,0.03,0.450,0.296,0,
641,24.449,0.97,0.04,0.450,0.296,0,
642,24.484,1.51,0.04,0.450,0.296,0,
643,24.516,1.43,0.06,0.450,0.296,0,
644,24.550,9.20,0.34,0.450,0.296,1,reaccion
645,24.583,10.09,0.49,0.450,0.296,1,
646,24.617,8.37,0.31,0.450,0.296,1,
647,24.653,12.33,0.33,0.450,0.296,1,
648,24.683,11.91,0.45,0.450,0.296,1,
649,24.721,7.67,2.78,0.450,0.296,1,
650,24.750,7.50,3.80,0.450,0.296,1,bloqueo
651,24.784,10.57,4.54,0.450,0.296,1,
652,24.817,9.08,5.23,0.450,0.296,1,
653,24.850,3.35,5.41,0.450,0.296,1,
654,24.880,8.95,5.21,0.450,0.296,1,
655,24.916,5.57,4.84,0.450,0.296,1,
656,24.950,8.28,4.63,0.450,0.296,1,
657,24.985,4.66,4.64,0.450,0.296,1,
658,25.033,4.96,4.12,0.450,0.296,1,
659,25.123,4.27,2.75,0.450,0.296,0,contra
660,25.150,2.98,0.56,0.450,0.296,0,
661,25.185,3.40,0.44,0.450,0.296,0,
662,25.217,1.87,0.29,0.450,0.296,0,
663,25.254,1.32,0.31,0.324,0.296,0,
664,25.286,1.52,0.27,0.324,0.296,0,
665,25.320,2.32,0.25,0.324,0.296,0,
666,25.349,2.98,0.28,0.324,0.296,0,
667,25.384,3.59,0.42,0.324,0.296,0,
668,25.417,5.29,0.84,0.324,0.296,0,
669,25.448,5.92,1.11,0.324,0.296,0,
670,25.482,5.10,1.27,0.324,0.296,1,reaccion
671,25.514,4.66,1.42,0.324,0.296,1,
672,25.546,3.56,1.38,0.324,0.296,1,
673,25.562,1.37,1.38,0.324,0.296,1,
674,25.596,1.37,1.38,0.324,0.296,1,
675,25.631,0.00,1.38,0.324,0.296,1,
676,25.669,1.17,1.42,0.324,0.296,1,
677,25.698,2.16,1.30,0.324,0.296,1,
678,25.736,10.09,1.30,0.324,0.296,1,
679,25.785,10.27,1.11,0.324,0.296,1,
680,25.820,8.08,1.20,0.324,0.296,1,
681,25.850,8.48,1.05,0.324,0.296,1,
682,25.885,7.81,1.16,0.324,0.296,1,
683,26.486,9.48,1.09,0.324,0.296,1,
684,26.520,5.19,1.02,0.324,0.296,1,
685,26.551,5.42,1.47,0.324,0.296,1,
686,26.582,1.60,1.77,0.324,0.296,1,
687,26.619,1.26,1.87,0.324,0.296,1,
688,26.653,1.35,1.72,0.324,0.296,1,
689,26.684,1.27,1.42,0.324,0.296,1,
690,26.717,1.02,1.19,0.315,0.296,1,
691,26.752,1.00,1.18,0.315,0.296,1,
692,26.787,0.96,1.11,0.315,0.296,1,
693,26.821,1.17,1.09,0.315,0.296,1,
694,26.854,1.18,1.09,0.315,0.296,1,
695,26.904,1.20,1.04,0.387,0.296,1,
696,26.939,1.12,1.03,0.387,0.296,1,
697,26.971,0.99,1.01,0.387,0.296,1,
698,27.004,0.91,1.00,0.387,0.296,1,
699,27.144,1.08,0.95,0.405,0.296,0,ataque
700,27.168,2.17,0.69,0.405,0.296,0,
701,27.199,2.37,0.63,0.405,0.296,0,
702,27.239,1.67,0.64,0.423,0.296,0,
703,27.280,1.38,0.63,0.423,0.296,0,
704,27.318,1.69,0.65,0.423,0.296,0,
705,27.355,1.60,0.65,0.423,0.296,0,
706,27.385,1.29,0.65,0.423,0.296,0,
707,27.704,1.45,0.69,0.252,0.296,0,
708,27.751,1.84,0.48,0.252,0.296,0,
709,27.785,2.08,0.45,0.252,0.296,0,
710,27.818,1.08,0.45,0.252,0.296,0,
711,27.870,0.92,0.45,0.252,0.296,0,
712,27.918,1.62,0.45,0.252,0.296,0,
713,27.953,2.18,0.45,0.252,0.296,0,
714,27.988,2.23,0.46,0.252,0.296,0,
715,28.036,2.09,0.62,0.252,0.296,0,
716,28.097,9.64,3.80,0.252,0.296,1,reaccion
717,28.136,7.09,6.88,0.252,0.296,1,
718,28.169,18.12,6.01,0.252,0.296,1,
719,28.203,14.48,6.10,0.252,0.296,1,
720,28.236,14.19,7.73,0.252,0.296,1,
721,28.288,8.26,8.58,0.252,0.296,1,
722,28.319,10.68,8.78,0.252,0.296,1,
723,28.373,10.86,8.69,0.252,0.296,1,
724,28.420,6.07,6.96,0.252,0.296,1,
725,28.455,8.44,4.06,0.252,0.296,1,
726,28.484,6.74,1.91,0.252,0.296,1,
727,28.521,9.58,1.05,0.252,0.296,1,
728,28.553,5.04,0.61,0.252,0.296,1,
729,28.589,7.54,0.53,0.252,0.296,1,
730,28.636,2.01,0.53,0.252,0.296,1,
731,28.671,4.16,0.51,0.252,0.296,1,
732,28.705,2.41,0.55,0.252,0.296,1,
733,28.753,2.38,0.29,0.252,0.296,1,
734,28.788,2.81,0.25,0.252,0.296,1,
735,28.821,2.08,0.20,0.252,0.296,1,
736,28.853,2.27,0.23,0.252,0.296,1,
737,28.887,2.59,0.34,0.252,0.296,1,
738,28.938,3.53,0.48,0.324,0.296,1,
739,28.984,2.70,0.51,0.324,0.296,1,
740,29.020,3.23,0.50,0.324,0.296,1,
741,29.053,2.90,0.51,0.324,0.296,1,
742,29.089,2.80,0.48,0.324,0.296,1,
743,29.136,3.10,0.56,0.315,0.296,1,
744,29.170,3.02,1.02,0.315,0.296,1,
745,29.204,3.17,1.51,0.315,0.296,1,
746,29.237,2.57,1.66,0.315,0.296,1,
747,29.289,2.41,1.70,0.396,0.296,1,
748,29.339,2.07,1.65,0.396,0.296,1,
749,29.373,1.58,1.67,0.396,0.296,1,
750,29.404,2.64,1.69,0.396,0.296,1,
751,29.437,3.20,1.93,0.396,0.296,1,
752,29.487,3.51,2.17,0.405,0.296,1,
753,29.522,1.25,2.12,0.405,0.296,1,
754,29.554,1.96,1.66,0.405,0.296,1,
755,29.588,1.92,1.01,0.405,0.296,1,
756,29.639,2.35,0.23,0.423,0.296,1,
757,29.688,0.82,0.24,0.423,0.296,1,
758,29.721,1.17,0.23,0.423,0.296,1,
759,29.758,0.95,0.23,0.423,0.296,1,
760,29.802,1.18,0.23,0.423,0.296,1,
761,29.840,1.18,0.24,0.432,0.296,1,
762,29.873,1.01,0.23,0.432,0.296,1,
763,29.909,0.78,0.23,0.432,0.296,1,
764,29.939,0.33,0.23,0.432,0.296,1,
765,29.994,13.22,0.24,0.441,0.296,1,
766,30.042,16.18,0.48,0.441,0.296,1,
767,30.090,6.49,0.52,0.441,0.296,1,
768,30.127,6.78,0.57,0.441,0.296,1,
769,30.174,2.10,0.59,0.459,0.296,1,
770,30.206,7.92,0.59,0.459,0.296,1,
771,30.243,9.42,0.60,0.459,0.296,1,
772,30.273,6.30,0.63,0.459,0.296,1,
773,30.324,1.69,0.66,0.468,0.296,1,
774,30.374,0.66,0.68,0.468,0.296,1,
775,30.410,2.38,0.66,0.468,0.296,1,
776,30.440,9.27,0.60,0.468,0.296,1,
777,30.490,17.12,0.41,0.477,0.296,1,
778,30.538,19.72,0.34,0.477,0.296,1,
779,30.697,1.90,0.29,0.486,0.296,0,ataque
780,30.740,10.40,4.17,0.486,0.296,0,bloqueo
781,30.772,12.05,4.46,0.486,0.296,0,
782,30.822,11.90,4.09,0.414,0.296,0,
783,30.858,9.49,4.57,0.414,0.296,0,
784,30.890,13.68,4.99,0.414,0.296,0,
785,30.923,10.49,5.82,0.414,0.296,0,
786,30.973,6.30,5.76,0.414,0.296,0,
787,31.023,13.08,4.25,0.414,0.296,0,
788,31.059,7.72,3.44,0.414,0.296,1,reaccion
789,31.090,10.70,2.43,0.414,0.296,1,
790,31.138,8.24,1.92,0.414,0.296,1,
791,31.172,9.78,1.49,0.414,0.296,1,
792,31.206,6.54,1.09,0.414,0.296,1,
793,31.240,6.03,1.28,0.414,0.296,1,
794,31.273,5.37,1.32,0.414,0.296,1,
795,31.305,5.32,2.05,0.414,0.296,1,
796,31.358,11.90,3.26,0.414,0.296,1,bloqueo
797,31.390,15.95,4.03,0.414,0.296,1,
798,31.424,30.48,1.36,0.414,0.296,1,
799,31.455,33.78,1.19,0.414,0.296,1,
800,31.507,6.55,1.18,0.414,0.296,1,
801,31.556,5.81,1.18,0.414,0.296,1,
802,31.597,3.07,1.21,0.414,0.296,1,
803,31.639,6.10,1.17,0.414,0.296,1,
804,31.693,5.41,1.34,0.414,0.296,1,
805,31.725,3.71,0.59,0.414,0.296,1,
806,31.761,5.45,0.61,0.414,0.296,1,
807,31.792,3.70,0.61,0.414,0.296,1,
808,31.917,3.97,0.59,0.414,0.296,0,contra
809,35.181,0.16,1.19,0.414,0.972,0,ataque
810,35.224,0.27,1.19,0.414,0.972,0,
811,35.250,29.84,0.97,0.414,0.972,0,
812,35.285,29.95,0.56,0.414,0.972,0,
813,35.317,3.19,0.47,0.414,0.972,0,
814,35.353,2.89,0.41,0.414,0.972,0,
815,35.386,3.09,0.36,0.414,0.972,0,
816,35.416,3.80,0.59,0.414,0.972,0,
817,35.448,3.93,0.70,0.414,0.972,0,
818,35.482,3.27,0.80,0.414,0.972,0,
819,35.520,3.37,1.10,0.414,0.972,0,
820,35.593,3.50,0.95,0.414,0.972,1,reaccion
821,35.618,1.77,0.52,0.414,0.972,1,
822,35.653,2.55,0.31,0.414,0.972,1,
823,35.684,1.95,0.33,0.414,0.972,1,
824,35.718,1.55,0.38,0.414,0.972,1,
825,35.751,1.49,0.56,0.414,0.972,1,
826,35.783,1.55,0.31,0.414,0.972,1,
827,35.814,1.40,0.27,0.414,0.972,1,
828,35.837,0.95,0.26,0.414,0.972,1,
829,35.867,0.87,0.26,0.414,0.972,1,
830,35.898,0.96,0.40,0.414,0.972,1,
831,35.932,0.93,0.52,0.414,0.972,1,
832,35.969,1.10,0.50,0.423,0.972,1,
833,35.999,1.11,0.48,0.423,0.972,1,
834,36.032,0.89,0.44,0.423,0.972,1,
835,36.069,0.83,0.42,0.423,0.972,1,
836,36.116,1.07,0.43,0.423,0.972,1,
837,36.152,1.30,0.40,0.441,0.972,1,
838,36.191,1.77,0.40,0.441,0.972,1,
839,36.217,2.00,0.37,0.441,0.972,1,
840,36.249,2.00,0.34,0.441,0.972,1,
841,36.285,2.34,0.33,0.441,0.972,0,
842,36.317,2.07,0.31,0.441,0.972,0,
843,36.424,1.58,0.29,0.450,0.972,0,ataque
844,36.450,1.95,0.20,0.450,0.972,0,
845,36.481,2.24,0.18,0.450,0.972,0,
846,36.513,1.12,0.16,0.450,0.972,0,
847,36.550,0.86,0.15,0.468,0.972,0,
848,36.582,0.91,0.16,0.468,0.972,0,
849,36.613,1.09,0.16,0.468,0.972,0,
850,36.651,1.11,0.16,0.468,0.972,0,
851,36.687,1.67,0.19,0.468,0.972,0,
852,36.734,1.82,0.20,0.396,0.972,0,
853,36.771,1.78,0.23,0.396,0.972,0,
854,36.800,1.18,3.08,0.396,0.972,0,
855,36.833,0.93,4.29,0.396,0.972,0,
856,36.864,0.83,4.56,0.396,0.972,0,
857,36.899,1.38,4.16,0.396,0.958,0,
858,36.930,1.75,3.56,0.396,0.958,0,
859,36.968,2.57,3.72,0.396,0.958,0,
860,37.005,3.42,3.72,0.396,0.958,1,reaccion
861,37.034,3.74,2.89,0.396,0.958,1,
862,37.066,3.19,2.38,0.396,0.958,1,
863,37.100,3.16,1.47,0.396,0.958,1,
864,37.132,2.67,1.33,0.396,0.958,1,
865,37.164,1.48,1.36,0.396,0.958,1,
866,37.201,1.25,1.30,0.396,0.958,1,
867,37.237,11.35,0.59,0.396,0.958,1,
868,37.284,11.61,0.60,0.396,0.958,1,
869,37.317,4.98,0.50,0.396,0.958,1,
870,37.352,9.60,0.53,0.396,0.958,1,
871,37.382,11.76,0.58,0.396,0.958,1,
872,37.416,11.20,0.73,0.396,0.958,1,
873,37.450,10.50,1.41,0.396,0.958,1,
874,37.481,6.70,2.50,0.396,0.958,1,
875,37.517,11.52,2.72,0.396,0.958,1,
876,37.548,9.23,2.28,0.396,0.958,1,
877,37.585,6.57,1.60,0.396,0.958,1,
878,37.616,9.79,0.88,0.396,0.958,1,
879,37.649,4.93,0.65,0.396,0.958,1,
880,37.687,7.23,0.56,0.396,0.958,1,
881,37.733,3.46,0.50,0.396,0.958,1,
882,37.767,5.04,0.52,0.396,0.958,1,
883,37.802,3.03,0.55,0.396,0.958,1,
884,37.852,3.74,1.05,0.396,0.958,1,
885,37.904,1.74,0.95,0.396,0.958,1,
886,37.933,2.21,0.95,0.396,0.958,1,
887,37.966,1.91,0.49,0.396,0.958,1,
888,37.999,1.78,0.39,0.396,0.958,1,
889,38.032,1.24,0.53,0.396,0.958,1,
890,38.066,1.35,0.59,0.405,0.958,1,
891,38.098,1.26,0.62,0.405,0.958,1,
892,38.132,1.00,0.60,0.405,0.958,1,
893,38.166,1.11,0.63,0.405,0.958,1,
894,38.198,1.00,0.61,0.405,0.958,1,
895,38.234,0.85,0.62,0.405,0.958,1,
896,38.266,1.06,0.59,0.423,0.958,1,
897,38.296,1.20,0.59,0.423,0.958,1,
898,38.317,0.95,0.56,0.423,0.958,1,
899,38.351,1.05,0.55,0.423,0.958,1,
900,38.436,1.39,0.49,0.432,0.958,0,ataque
901,38.471,2.24,0.31,0.432,0.958,0,
902,38.499,2.69,0.31,0.432,0.958,0,
903,38.536,2.01,0.37,0.432,0.958,0,
904,38.566,2.21,0.38,0.432,0.958,0,
905,38.603,2.44,0.38,0.252,0.958,0,
906,38.630,2.21,0.44,0.252,0.958,0,
907,38.650,1.36,0.49,0.252,0.958,0,
908,38.684,1.68,0.46,0.252,0.958,0,
909,38.716,1.66,0.11,0.252,0.958,0,
910,38.753,1.37,0.06,0.252,0.958,0,
911,38.801,1.03,0.05,0.252,0.958,0,
912,38.833,0.81,0.04,0.252,0.958,0,
913,38.868,0.68,0.04,0.252,0.958,0,
914,38.918,0.73,0.04,0.252,0.958,0,
915,38.971,0.98,0.03,0.252,0.958,0,
916,39.001,1.19,0.08,0.252,0.958,0,
917,39.059,6.18,0.40,0.252,0.958,1,reaccion
918,39.098,11.12,2.96,0.252,0.958,1,
919,39.133,11.97,3.58,0.252,0.958,1,bloqueo
920,39.169,12.08,4.09,0.252,0.958,1,
921,39.198,10.62,4.37,0.252,0.958,1,
922,39.231,8.72,4.55,0.252,0.958,1,
923,39.265,10.78,4.91,0.252,0.944,1,
924,39.304,8.83,5.11,0.252,0.944,1,
925,39.331,10.09,5.23,0.252,0.944,1,
926,39.363,10.86,5.27,0.252,0.944,1,
927,39.385,7.91,5.24,0.252,0.944,1,
928,39.416,9.79,4.44,0.252,0.944,1,
929,39.452,7.39,3.67,0.252,0.944,1,
930,39.481,6.99,2.46,0.252,0.944,1,
931,39.520,4.45,1.12,0.252,0.944,1,
932,39.548,5.55,0.90,0.252,0.944,1,
933,39.587,5.00,0.78,0.252,0.944,1,
934,39.632,3.65,0.71,0.252,0.944,1,
935,39.669,4.28,0.70,0.252,0.944,1,
936,39.700,2.24,0.60,0.252,0.944,1,
937,39.734,3.10,0.77,0.252,0.944,1,
938,39.766,3.84,1.85,0.252,0.944,1,
939,39.804,3.32,2.63,0.252,0.944,1,
940,39.848,3.44,2.44,0.324,0.944,1,
941,39.882,3.31,1.66,0.324,0.944,1,
942,39.917,2.73,0.97,0.324,0.944,1,
943,39.951,2.33,0.79,0.324,0.944,1,
944,39.980,1.94,0.68,0.324,0.944,1,
945,40.017,2.37,0.69,0.324,0.944,1,
